city,product_type,status,request_time,begin_trip_time,begintrip_lat,begintrip_lng,begintrip_address,dropoff_time,dropoff_lat,dropoff_lng,dropoff_address,distance,fare_currency,fare_amount
Toronto,uberX,completed,2025-07-02T21:18:59.000Z,2025-07-02T21:23:04.000Z,43.643757,-79.37369,"28 Freeland St, Toronto, ON M5E 0E3, CA",2025-07-02T21:42:20.000Z,43.649815,-79.39161,"256a Queen St W, Toronto, ON M5V 1Z8, CA",1.59,Canadian Dollar,15.03
Toronto,uberX,rider_canceled,2025-07-02T05:28:45.000Z,,43.64019,-79.39426,"",,43.64019,-79.39426,"255 Wellington St W, Toronto, ON M5V 3H2, CA",0.0,Canadian Dollar,0.0
Toronto,uberX,rider_canceled,2025-07-02T05:17:52.000Z,,43.64019,-79.39421,"",,43.64019,-79.39421,"255 Wellington St W, Toronto, ON M5V 3H2, CA",0.0,Canadian Dollar,0.0
Toronto,uberX,completed,2025-01-08T13:37:17.000Z,2025-01-08T13:40:11.000Z,43.93243,-78.70221,"35 Hockley Ave, Bowmanville, ON L1C 5P2, CA",2025-01-08T14:04:24.000Z,43.91422,-78.96644,"4015 Cochrane St, Whitby, ON L1P 2A9, CA",20.02,Canadian Dollar,46.12
Toronto,uberX,completed,2024-12-31T07:45:30.000Z,2024-12-31T08:02:01.000Z,43.95138,-78.71444,"2508 Concession Rd 4, Bowmanville, ON L1C 5S8, Canada",2024-12-31T08:05:26.000Z,43.93247,-78.70224,"35 Hockley Ave, Bowmanville, ON L1C 5P2, CA",1.76,Canadian Dollar,8.02
Toronto,uberX,completed,2024-12-29T02:09:30.000Z,2024-12-29T02:14:33.000Z,43.93245,-78.70226,"35 Hockley Ave, Bowmanville, ON L1C 5P2, CA",2024-12-29T02:25:23.000Z,43.89392,-78.65744,"Crows Nest Lane & Yacht Dr, Bowmanville, Ontario L1C, CA",4.06,Canadian Dollar,12.51
Hamilton,uberX,completed,2024-03-02T23:40:57.000Z,2024-03-02T23:44:21.000Z,43.25841,-79.87357,"2 King St W Unit 445, Hamilton, ON L8P 1A2, CA",2024-03-02T23:55:09.000Z,43.31345,-79.85595,"1199 Waterdown Rd, Burlington, ON L7T 4A8, CA",5.42,Canadian Dollar,21.23
Ottawa,uberX,completed,2023-12-02T21:45:12.000Z,2023-12-02T21:55:07.000Z,45.35793,-75.65296,"3310 Southgate Rd, Ottawa, ON K1V 8X3, CA",2023-12-02T22:04:34.000Z,45.38711,-75.67599,"2269 Riverside Dr Unit 1, Ottawa, ON K1H 8K2, CA",2.55,Canadian Dollar,11.16
Ottawa,uberX,rider_canceled,2023-12-02T21:37:27.000Z,,45.357937,-75.65282,"",,45.357937,-75.65282,"16 ch Nordik, Chelsea, QC J9B 2P7, CA",0.0,Canadian Dollar,0.0
Ottawa,uberX,completed,2023-04-28T05:26:03.000Z,2023-04-28T05:31:59.000Z,45.4223,-75.6546,"163 Arcola Pvt, Ottawa, ON K1K 4W9, CA",2023-04-28T05:42:44.000Z,45.36323,-75.76781,"115 Amaya Private, Ottawa, ON K2A 3G9, Canada",8.13,Canadian Dollar,19.1
Ottawa,uberX,completed,2023-04-27T23:51:02.000Z,2023-04-27T23:56:55.000Z,45.36318,-75.76878,"115 Amaya Private, Ottawa, ON K2A 3G9, Canada",2023-04-28T00:10:56.000Z,45.42758,-75.63789,"1055 St Laurent Blvd, Gloucester, ON K1K 3B1, CA",9.83,Canadian Dollar,22.31
Gatineau,uberX,completed,2023-04-24T02:42:52.000Z,2023-04-24T03:04:57.000Z,45.504704,-75.8035,"16 Chem. Nordik, Chelsea, QC J9B 2P7, Canada",2023-04-24T03:25:53.000Z,45.363316,-75.76769,"115 Amaya Private, Ottawa, ON K2A 3G9, Canada",16.74,Canadian Dollar,46.72
Gatineau,uberX,rider_canceled,2023-04-24T02:34:32.000Z,,,,,,,,"700 Sussex Dr, Ottawa, ON K1N 1K4, CA",0.0,Canadian Dollar,8.05
Gatineau,uberX,rider_canceled,2023-04-24T02:32:59.000Z,,,,,,,,"115 Amaya Private, Ottawa, ON K2A 3G9, Canada",0.0,Canadian Dollar,8.05
Ottawa,uberX,completed,2023-04-23T12:59:08.000Z,2023-04-23T13:10:53.000Z,45.363018,-75.768654,"115 Amaya Private, Ottawa, ON K2A 3G9, Canada",2023-04-23T13:38:07.000Z,45.50466,-75.803406,"16 Chem. Nordik, Chelsea, QC J9B 2P7, Canada",17.78,Canadian Dollar,39.48
Ottawa,uberX,completed,2023-04-22T14:49:14.000Z,2023-04-22T14:55:11.000Z,45.34712,-75.76256,"Ottawa, ON, CA",2023-04-22T15:01:50.000Z,45.36298,-75.76846,"115 Amaya Private, Ottawa, ON K2A 3G9, Canada",1.99,Canadian Dollar,10.16
Ottawa,uberX,completed,2023-04-22T05:41:00.000Z,2023-04-22T05:46:11.000Z,45.35798,-75.65288,"3306 Southgate Rd, Ottawa, ON K1V 8X3, CA",2023-04-22T06:05:40.000Z,45.36324,-75.76779,"115 Amaya Private, Ottawa, ON K2A 3G9, Canada",8.2,Canadian Dollar,20.54
Ottawa,uberX,completed,2023-04-09T00:25:58.000Z,2023-04-09T00:32:04.000Z,45.35796,-75.65285,"3306 Southgate Rd, Ottawa, ON K1V 8X3, CA",2023-04-09T00:50:48.000Z,45.36322,-75.76795,"115 Amaya Private, Ottawa, ON K2A 3G9, Canada",8.38,Canadian Dollar,20.54
Ottawa,uberX,completed,2023-04-07T17:32:59.000Z,2023-04-07T17:38:14.000Z,45.36303,-75.76833,"981 Woodroffe Ave, Ottawa, ON K2A 3G9, CA",2023-04-07T18:04:13.000Z,45.357956,-75.65285,"3310 Southgate Rd, Ottawa, ON K1V 8X3, CA",8.81,Canadian Dollar,20.59
Ottawa,uberX,completed,2023-03-26T23:16:35.000Z,2023-03-26T23:26:50.000Z,45.349037,-75.73298,"1600 Merivale Rd, Ottawa, ON K2G 5J8, CA",2023-03-26T23:38:39.000Z,45.36296,-75.76856,"115 Amaya Private, Ottawa, ON K2A 3G9, Canada",3.32,Canadian Dollar,12.23
Ottawa,uberX,completed,2023-03-26T22:18:42.000Z,2023-03-26T22:23:34.000Z,45.363197,-75.76787,"981 Woodroffe Ave, Ottawa, ON K2A 3G9, CA",2023-03-26T22:32:42.000Z,45.349705,-75.73319,"1600 Merivale Rd, Ottawa, ON K2G 5J8, CA",3.17,Canadian Dollar,12.34
Ottawa,uberX,completed,2023-02-13T07:38:32.000Z,2023-02-13T07:51:20.000Z,45.42232,-75.65471,"163 Arcola Pvt, Ottawa, ON K1K 4W9, CA",2023-02-13T08:03:04.000Z,45.36329,-75.76769,"115 Amaya Private, Ottawa, ON K2A 3G9, Canada",8.09,Canadian Dollar,19.37
Ottawa,uberX,completed,2023-02-12T23:55:48.000Z,2023-02-12T23:58:52.000Z,45.363,-75.76856,"981 Woodroffe Ave, Ottawa, ON K2A 3G9, CA",2023-02-13T00:11:59.000Z,45.42231,-75.65455,"165 Arcola Private, Ottawa, ON K1K 4W9, Canada",8.8,Canadian Dollar,20.42
Ottawa,uberX,completed,2023-01-22T07:53:20.000Z,2023-01-22T08:04:06.000Z,45.42233,-75.65465,"163 Arcola Pvt, Ottawa, ON K1K 4W9, CA",2023-01-22T08:15:41.000Z,45.363186,-75.76884,"115 Amaya Private, Ottawa, ON K2A 3G9, Canada",8.16,Canadian Dollar,20.27
Ottawa,uberX,completed,2023-01-22T01:28:08.000Z,2023-01-22T01:32:39.000Z,45.36297,-75.76862,"981 Woodroffe Ave, Ottawa, ON K2A 3G9, CA",2023-01-22T01:44:55.000Z,45.4223,-75.65462,"165 Arcola Private, Ottawa, ON K1K 4W9, Canada",8.77,Canadian Dollar,20.45
Ottawa,uberX,completed,2023-01-20T01:37:05.000Z,2023-01-20T01:41:54.000Z,45.3631,-75.76871,"2194 Benjamin Ave, Ottawa, ON K2A, CA",2023-01-20T02:05:32.000Z,45.35791,-75.65301,"3310 Southgate Rd, Ottawa, ON K1V 8X3, CA",7.94,Canadian Dollar,20.84
Ottawa,uberX,completed,2023-01-15T22:16:10.000Z,2023-01-15T22:19:51.000Z,45.41704,-75.69016,"282 Elgin St, Ottawa, ON K2P 1M3, CA",2023-01-15T22:31:55.000Z,45.36321,-75.7688,"115 Amaya Private, Ottawa, ON K2A 3G9, Canada",6.63,Canadian Dollar,17.31
Ottawa,uberX,completed,2023-01-15T21:08:55.000Z,2023-01-15T21:18:02.000Z,45.3632,-75.768,"981 Woodroffe Ave, Ottawa, ON K2A 3G9, CA",2023-01-15T21:34:13.000Z,45.41744,-75.69001,"282 Elgin St, Ottawa, ON K2P 1M3, CA",7.03,Canadian Dollar,18.06
Toronto,uberX,completed,2023-01-07T13:28:17.000Z,2023-01-07T13:33:12.000Z,43.93242,-78.70223,"35 Hockley Ave, Bowmanville, ON L1C 5P2, CA",2023-01-07T13:58:00.000Z,43.91479,-78.96682,"4015 Cochrane St, Whitby, ON L1R, CA",23.02,Canadian Dollar,46.53
Ottawa,uberX,completed,2022-12-17T20:00:21.000Z,2022-12-17T20:05:38.000Z,45.3634,-75.767365,"2194 Benjamin Ave, Ottawa, ON K2A, CA",2022-12-17T20:20:07.000Z,45.41684,-75.65185,"200 Tremblay Rd, Ottawa, ON K1G 3H5, CA",8.53,Canadian Dollar,35.06
Ottawa,uberX,completed,2022-11-26T01:33:59.000Z,2022-11-26T01:40:00.000Z,45.36323,-75.76799,"981 Woodroffe Ave, Ottawa, ON K2A 3G9, CA",2022-11-26T01:55:29.000Z,45.42869,-75.69084,"325 Dalhousie St, Ottawa, ON K1N 7G1, CA",8.55,Canadian Dollar,20.32
Ottawa,uberX,completed,2022-11-20T14:17:03.000Z,2022-11-20T14:20:43.000Z,45.35797,-75.65286,"3306 Southgate Rd, Ottawa, ON K1V 8X3, CA",2022-11-20T14:35:23.000Z,45.42193,-75.68128,"150 Louis-Pasteur Private, Ottawa, ON K1N 9A7, Canada",6.65,Canadian Dollar,17.85
Ottawa,uberX,completed,2022-11-18T22:07:41.000Z,2022-11-18T22:24:39.000Z,45.363544,-75.76728,"2194 Benjamin Ave, Ottawa, ON K2A, CA",2022-11-18T22:47:10.000Z,45.35793,-75.652885,"3310 Southgate Rd, Ottawa, ON K1V 8X3, CA",7.84,Canadian Dollar,27.0
Ottawa,uberX,completed,2022-11-11T02:58:43.000Z,2022-11-11T03:01:26.000Z,45.357986,-75.65287000000001,"3306 Southgate Rd, Ottawa, ON K1V 8X3, CA",2022-11-11T03:21:43.000Z,45.36323,-75.76879,"115 Amaya Private, Ottawa, ON K2A 3G9, Canada",8.26,Canadian Dollar,20.95
Ottawa,uberX,completed,2022-10-22T04:23:28.000Z,2022-10-22T04:26:58.000Z,45.365696,-75.724365,"13 Lyall St, Nepean, ON K2E 5G5, CA",2022-10-22T04:35:26.000Z,45.36322,-75.76796,"115 Amaya Private, Ottawa, ON K2A 3G9, Canada",3.2,Canadian Dollar,12.19
Ottawa,uberX,completed,2022-10-04T05:12:36.000Z,2022-10-04T05:17:34.000Z,45.36321,-75.76795,"2194 Benjamin Ave, Ottawa, ON K2A, CA",2022-10-04T05:35:20.000Z,45.45091,-75.59775,"1599 Lassiter Terr, Gloucester, ON K1J, CA",12.23,Canadian Dollar,26.7
Ottawa,uberX,completed,2022-10-02T07:06:07.000Z,2022-10-02T07:14:40.000Z,45.35799,-75.65282,"3306 Southgate Rd, Ottawa, ON K1V 8X3, CA",2022-10-02T07:33:58.000Z,45.36298,-75.76857,"115 Amaya Private, Ottawa, ON K2A 3G9, Canada",8.24,Canadian Dollar,19.88
Ottawa,uberX,completed,2022-10-02T06:29:03.000Z,2022-10-02T06:33:13.000Z,45.41107,-75.62869,"1565 St. Laurent Blvd, Ottawa, ON K1G 1A1, CA",2022-10-02T06:47:44.000Z,45.35799,-75.65281,"3310 Southgate Rd, Ottawa, ON K1V 8X3, CA",5.71,Canadian Dollar,43.0
Ottawa,uberX,completed,2022-10-01T04:01:03.000Z,2022-10-01T04:09:16.000Z,45.36305,-75.76837,"2196 Benjamin Ave, Ottawa, ON K2A, CA",2022-10-01T04:28:25.000Z,45.35799,-75.65284,"3310 Southgate Rd, Ottawa, ON K1V 8X3, CA",7.9,Canadian Dollar,20.29
Ottawa,uberX,completed,2022-09-25T05:03:03.000Z,2022-09-25T05:06:41.000Z,45.45092,-75.59779,"1599 Lassiter Terr, Gloucester, ON K1J, CA",2022-09-25T05:21:44.000Z,45.36318,-75.76798,"115 Amaya Private, Ottawa, ON K2A 3G9, Canada",12.2,Canadian Dollar,26.13
Ottawa,uberX,rider_canceled,2022-09-25T04:36:01.000Z,,45.43152,-75.60597,,,45.43513810634613,-75.60888230800629,"115 Amaya Private, Ottawa, ON K2A 3G9, Canada",0.0,Canadian Dollar,0.0
Ottawa,uberX,completed,2022-09-25T03:22:15.000Z,2022-09-25T03:31:27.000Z,45.363228,-75.767944,"2194 Benjamin Ave, Ottawa, ON K2A, CA",2022-09-25T03:49:09.000Z,45.450935,-75.59774,"1599 Lassiter Terr, Gloucester, ON K1J, CA",13.02,Canadian Dollar,26.18
Ottawa,uberX,completed,2022-09-24T17:00:18.000Z,2022-09-24T17:03:44.000Z,45.362953,-75.76864,"2194 Benjamin Ave, Ottawa, ON K2A, CA",2022-09-24T17:25:40.000Z,45.428757,-75.69142,"95 York St, Ottawa, K1N 5T2, CA",8.62,Canadian Dollar,20.39
Ottawa,uberX,completed,2022-09-06T02:44:32.000Z,2022-09-06T02:52:14.000Z,45.36296,-75.76859,"2194 Benjamin Ave, Ottawa, ON K2A, CA",2022-09-06T03:06:03.000Z,45.4224,-75.65435,"165 Arcola Private, Ottawa, ON K1K 4W9, Canada",9.11,Canadian Dollar,19.36
Ottawa,uberX,completed,2022-07-04T17:38:55.000Z,2022-07-04T17:43:55.000Z,45.416904,-75.65053,"200 Tremblay Rd, Ottawa, ON K1G 3H5, CA",2022-07-04T17:59:15.000Z,45.357937,-75.652885,"3310 Southgate Rd, Ottawa, ON K1V 8X3, CA",5.36,Canadian Dollar,16.72
Ottawa,uberX,completed,2022-04-16T18:07:13.000Z,2022-04-16T18:13:05.000Z,45.36014,-75.65756,"2120 Bank St, Ottawa, ON K1V, CA",2022-04-16T18:33:13.000Z,45.42602,-75.69371,"47 Rideau St, Ottawa, ON K1N 5W8, CA",6.09,Canadian Dollar,17.61
Ottawa,Uber Green,completed,2022-04-10T07:24:58.000Z,2022-04-10T07:46:34.000Z,45.427265,-75.68135,"286 Wilbrod St, Ottawa, ON K1N 6M1, CA",2022-04-10T08:02:10.000Z,45.357967,-75.65284,"3310 Southgate Rd, Ottawa, ON K1V 8X3, CA",7.83,Canadian Dollar,17.8
Ottawa,Uber Green,rider_canceled,2022-04-10T07:19:36.000Z,,45.352135,-75.83928,,,45.34323811531067,-75.80992090702057,"3310 Southgate Rd, Ottawa, ON K1V 8X3, CA",0.0,Canadian Dollar,0.0
Ottawa,uberX,completed,2022-04-10T06:20:40.000Z,2022-04-10T06:30:22.000Z,45.35792,-75.65292,"Unnamed Road, Ottawa, ON K1V 9P8, Canada",2022-04-10T06:43:27.000Z,45.42723,-75.6814,"286 Wilbrod St, Ottawa, ON K1N 6M1, CA",6.06,Canadian Dollar,16.64
Ottawa,uberX,completed,2022-02-19T04:46:55.000Z,2022-02-19T04:58:08.000Z,45.4223,-75.65473,"163 Arcola Pvt, Ottawa, ON K1K 4W9, CA",2022-02-19T05:15:45.000Z,45.35787,-75.65293,"3310 Southgate Rd, Ottawa, ON K1V 8X3, CA",6.01,Canadian Dollar,33.23
Ottawa,uberX,unfulfilled,2022-02-19T04:43:28.000Z,,,,,,,,"3310 Southgate Rd, Ottawa, ON K1V 8X3, CA",0.0,Canadian Dollar,0.0
Ottawa,uberX,completed,2022-02-05T04:17:45.000Z,2022-02-05T04:31:02.000Z,45.357986,-75.652855,"Unnamed Road, Ottawa, ON K1V 9P8, Canada",2022-02-05T04:43:57.000Z,45.422306,-75.65469,"165 Arcola Private, Ottawa, ON K1K 4W9, Canada",5.59,Canadian Dollar,15.13
Toronto,uberX,completed,2021-11-22T01:33:36.000Z,2021-11-22T01:39:29.000Z,43.91103,-78.67217,"243 King St E, Bowmanville, ON L1C 3X1, CA",2021-11-22T01:46:42.000Z,43.93243,-78.70224,"35 Hockley Ave, Bowmanville, ON L1C 5P2, CA",2.64,Canadian Dollar,11.42
Toronto,uberX,completed,2021-11-19T18:21:32.000Z,2021-11-19T18:25:11.000Z,43.91166,-78.67259,"243 King St E, Bowmanville, ON L1C 3X1, CA",2021-11-19T18:32:22.000Z,43.93246,-78.70221,"35 Hockley Ave, Bowmanville, ON L1C 5P2, CA",3.36,Canadian Dollar,11.75
Toronto,uberX,completed,2021-11-14T19:06:23.000Z,2021-11-14T19:13:20.000Z,43.932365,-78.70227,"35 Hockley Ave, Bowmanville, ON L1C 5P2, CA",2021-11-14T19:21:02.000Z,43.91103,-78.672134,"243 King St E, Bowmanville, ON L1C 3X1, Canada",2.87,Canadian Dollar,12.33
Toronto,uberX,completed,2021-11-05T15:36:09.000Z,2021-11-05T15:50:05.000Z,43.91102,-78.67229,"243 King St E, Bowmanville, ON L1C 3X1, CA",2021-11-05T15:59:13.000Z,43.932404,-78.70242,"35 Hockley Ave, Bowmanville, ON L1C 5P2, CA",2.71,Canadian Dollar,11.63
Toronto,uberX,completed,2021-10-29T14:46:00.000Z,2021-10-29T14:53:17.000Z,43.93249,-78.70203,"35 Hockley Ave, Bowmanville, ON L1C 5P2, CA",2021-10-29T15:02:07.000Z,43.91102,-78.67211,"243 King St E, Bowmanville, ON L1C 3X1, Canada",2.59,Canadian Dollar,11.61
Toronto,uberX,completed,2021-10-20T16:48:51.000Z,2021-10-20T16:53:43.000Z,43.93244,-78.70219,"35 Hockley Ave, Bowmanville, ON L1C 5P2, CA",2021-10-20T17:02:21.000Z,43.911015,-78.67219,"243 King St E, Bowmanville, ON L1C 3X1, Canada",2.61,Canadian Dollar,11.73
Ottawa,uberX,completed,2021-10-03T21:17:24.000Z,2021-10-03T21:27:05.000Z,45.35789,-75.65296,"Unnamed Road, Ottawa, ON K1V 9P8, Canada",2021-10-03T21:40:58.000Z,45.416832,-75.65168,"200 Tremblay Rd, Ottawa, ON K1G 3H5, CA",5.32,Canadian Dollar,14.9
Ottawa,uberX,completed,2021-10-02T18:39:30.000Z,2021-10-02T18:51:01.000Z,45.35801,-75.65286,"Unnamed Road, Ottawa, ON K1V 9P8, Canada",2021-10-02T19:07:21.000Z,45.4223,-75.6546,"165 Arcola Private, Ottawa, ON K1K 4W9, Canada",5.59,Canadian Dollar,16.83
Ottawa,uberX,completed,2021-10-02T15:21:07.000Z,2021-10-02T15:31:16.000Z,45.41673,-75.65177,"200 Tremblay Rd, Ottawa, ON K1G 3H5, CA",2021-10-02T15:47:17.000Z,45.35801,-75.65282,"3310 Southgate Rd, Ottawa, ON K1V 8X3, CA",5.41,Canadian Dollar,38.99
Toronto,uberX,rider_canceled,2021-08-26T18:49:23.000Z,,43.913452,-78.70356,,,43.93341827392578,-78.70468854904175,"243 King St E, Bowmanville, ON L1C 3X1, Canada",0.0,Canadian Dollar,5.65
Toronto,uberX,rider_canceled,2021-08-19T19:00:23.000Z,,43.92785,-78.83677,,,43.93231797218323,-78.83543086051941,"243 King St E, Bowmanville, ON L1C 3X1, Canada",0.0,Canadian Dollar,0.0
Ottawa,uberX,completed,2021-04-30T08:51:46.000Z,2021-04-30T08:59:46.000Z,45.42221,-75.654816,"163 Arcola Pvt, Ottawa, ON K1K 4W9, CA",2021-04-30T09:13:12.000Z,45.35797,-75.65286,"3310 Southgate Rd, Ottawa, ON K1V 8X3, CA",5.52,Canadian Dollar,19.09
Ottawa,uberX,completed,2021-04-06T20:57:20.000Z,2021-04-06T21:03:12.000Z,45.416702,-75.651695,"200 Tremblay Rd, Ottawa, ON K1G 3H5, Canada",2021-04-06T21:19:33.000Z,45.357925,-75.652885,"3310 Southgate Rd, Ottawa, ON K1V 8X3, CA",5.41,Canadian Dollar,14.29
Ottawa,uberX,completed,2021-02-21T13:01:45.000Z,2021-02-21T13:05:35.000Z,45.357937,-75.652985,"Unnamed Road, Ottawa, ON K1V 9P8, Canada",2021-02-21T13:15:15.000Z,45.416794,-75.65142,"200 Tremblay Rd, Ottawa, ON K1G 3H5, CA",5.33,Canadian Dollar,15.12
Ottawa,uberX,completed,2021-02-13T22:07:47.000Z,2021-02-13T22:14:03.000Z,45.41681,-75.65123,"200 Tremblay Rd, Ottawa, ON K1G 3H5, Canada",2021-02-13T22:29:00.000Z,45.35795,-75.65292,"3310 Southgate Rd, Ottawa, ON K1V8X3, CA",5.39,Canadian Dollar,14.22
Ottawa,uberX,completed,2020-12-18T18:27:12.000Z,2020-12-18T18:32:00.000Z,45.41678,-75.65166,"200 Tremblay Rd, Ottawa, ON K1G 3H5, Canada",2020-12-18T18:52:14.000Z,45.357826,-75.65291,"3310 Southgate Rd, Ottawa, ON K1V 8X3, Canada",5.46,Canadian Dollar,14.5
Ottawa,uberX,completed,2020-10-31T15:08:46.000Z,2020-10-31T15:14:15.000Z,45.357845,-75.65295,"Unnamed Road, Ottawa, ON K1V 9P8, Canada",2020-10-31T15:28:08.000Z,45.41678,-75.651596,"200 Tremblay Rd, Ottawa, ON K1G 3H5, Canada",5.31,Canadian Dollar,14.98
Ottawa,uberX,completed,2020-10-24T20:52:09.000Z,2020-10-24T20:55:56.000Z,45.41680337919789,-75.65147820159058,"200 Tremblay Rd, Ottawa, ON K1G 3H5, Canada",2020-10-24T21:09:45.000Z,45.3579324919148,-75.65287712648879,"3310 Southgate Rd, Ottawa, ON K1V 8X3, Canada",5.41,Canadian Dollar,15.61
Ottawa,uberX,completed,2020-07-04T15:04:32.000Z,2020-07-04T15:08:32.000Z,45.42908,-75.68529,"305 Rideau St, Ottawa, ON K1N 5Y6, Canada",2020-07-04T15:18:02.000Z,45.41673,-75.65174,"200 Tremblay Rd, Ottawa, ON K1G 3H5, Canada",3.03,Canadian Dollar,15.72
Ottawa,uberX,completed,2020-07-04T08:47:03.000Z,2020-07-04T09:12:56.000Z,45.358,-75.65289,"Unnamed Road, Ottawa, ON K1V 9P8, Canada",2020-07-04T09:27:37.000Z,45.42902,-75.68513,"305 Rideau St, Ottawa, ON K1N 5Y6, Canada",6.7,Canadian Dollar,19.0
Ottawa,uberX,completed,2020-07-04T04:24:16.000Z,2020-07-04T04:29:32.000Z,45.4287862,-75.6854741,"308 Rideau St, Ottawa, ON K1N 5Y5, Canada",2020-07-04T04:46:52.000Z,45.3577185,-75.6528464,"3310 Southgate Rd, Ottawa, ON K1V 8X3, Canada",6.49,Canadian Dollar,28.36
Ottawa,uberX,completed,2020-06-28T01:00:32.000Z,2020-06-28T01:07:57.000Z,45.35802,-75.65269,"3310 Southgate Rd, Ottawa, ON K1V 8X3, Canada",2020-06-28T01:27:24.000Z,45.42894,-75.68533,"305 Rideau St, Ottawa, ON K1N 5Y6, Canada",7.22,Canadian Dollar,17.02
Ottawa,uberX,completed,2020-06-26T00:00:57.000Z,2020-06-26T00:03:47.000Z,45.42899,-75.68521,"308 Rideau St, Ottawa, ON K1N 5Y5, Canada",2020-06-26T00:23:27.000Z,45.35792,-75.65291,"3310 Southgate Rd, Ottawa, ON K1V 8X3, Canada",6.6,Canadian Dollar,18.95
Ottawa,uberX,completed,2020-06-25T17:23:55.000Z,2020-06-25T17:30:14.000Z,45.4167861,-75.6517925,"200 Tremblay Rd, Ottawa, ON K1G 3H5, Canada",2020-06-25T17:37:27.000Z,45.4286669,-75.6855617,"305 Rideau St, Ottawa, ON K1N 5Y6, Canada",2.74,Canadian Dollar,10.79
Ottawa,uberX,completed,2020-03-17T00:19:46.000Z,2020-03-17T00:22:37.000Z,45.36569,-75.7244,"13 Lyall St, Nepean, ON K2E 5G5, Canada",2020-03-17T00:38:24.000Z,45.42943,-75.68618,"305 Rideau St, Ottawa, ON K1N 5Y6, Canada",7.35,Canadian Dollar,17.94
Ottawa,uberX,completed,2020-03-15T06:37:54.000Z,2020-03-15T06:52:24.000Z,45.42919,-75.68599,"305 Rideau St, Ottawa, ON K1N 9E5, Canada",2020-03-15T07:11:14.000Z,45.47475,-75.46454,"66 Denton Way, Orléans, ON K4A 5C5, Canada",15.74,Canadian Dollar,62.1
Ottawa,uberX,completed,2020-03-10T17:18:09.000Z,2020-03-10T17:20:15.000Z,45.3915,-75.68102,"1227 Ottawa Regional Rd 31, Ottawa, ON K1S 3X7, Canada",2020-03-10T17:28:18.000Z,45.37641,-75.64774,"1570 Walkley Rd, Ottawa, ON K1V 6P5, Canada",2.25,Canadian Dollar,10.11
Ottawa,uberX,completed,2020-03-09T12:40:54.000Z,2020-03-09T12:44:17.000Z,45.4291565,-75.684501,"305 Ottawa 34, Ottawa, ON K1N 5Y4, Canada",2020-03-09T12:56:36.000Z,45.4072042,-75.6974817,"370 Catherine St, Ottawa, ON K1R 5T5, Canada",2.62,Canadian Dollar,10.74
Ottawa,uberX,completed,2020-03-04T03:46:14.000Z,2020-03-04T03:50:54.000Z,45.36573,-75.72433,"13 Lyall St, Nepean, ON K2E 5G5, Canada",2020-03-04T04:05:07.000Z,45.42855,-75.68552,"305 Rideau St, Ottawa, ON K1N 5Y6, Canada",7.28,Canadian Dollar,17.94
Ottawa,uberX,completed,2020-01-29T06:30:56.000Z,2020-01-29T06:36:03.000Z,45.36567,-75.72438,"13 Lyall St, Nepean, ON K2E 5G5, Canada",2020-01-29T06:50:50.000Z,45.42933,-75.68611,"305 Rideau St, Ottawa, ON K1N 9E5, Canada",7.34,Canadian Dollar,17.67
Ottawa,uberX,completed,2020-01-17T16:37:28.000Z,2020-01-17T16:42:22.000Z,45.4167933,-75.6514733,"200 Tremblay Rd, Ottawa, ON K1G 3H5, Canada",2020-01-17T16:52:36.000Z,45.4291533,-75.685195,"305 Rideau St, Ottawa, ON K1N 9E5, Canada",3.21,Canadian Dollar,11.64
Ottawa,uberX,completed,2019-12-19T19:31:44.000Z,2019-12-19T19:40:13.000Z,45.4291728,-75.6850507,"305 Rideau St, Ottawa, ON K1N 9E5, Canada",2019-12-19T19:53:05.000Z,45.4167785,-75.6515616,"200 Tremblay Rd, Ottawa, ON K1G 3H5, Canada",2.84,Canadian Dollar,13.12
Ottawa,uberX,completed,2019-12-01T23:39:15.000Z,2019-12-01T23:43:20.000Z,45.3657252,-75.7243645,"13 Lyall St, Nepean, ON K2E 5G5, Canada",2019-12-02T00:01:39.000Z,45.4292198,-75.685966,"305 Rideau St, Ottawa, ON K1N 9E5, Canada",7.28,Canadian Dollar,17.92
Ottawa,uberX,completed,2019-12-01T00:01:08.000Z,2019-12-01T00:07:10.000Z,45.42902,-75.68512,"305 Rideau St, Ottawa, ON K1N 9E5, Canada",2019-12-01T00:23:28.000Z,45.36561,-75.72433,"13 Lyall St, Nepean, ON K2E 5G5, Canada",7.28,Canadian Dollar,21.46
Ottawa,uberX,completed,2019-11-10T05:43:25.000Z,2019-11-10T05:46:11.000Z,45.4326518,-75.6928071,"164 St Andrew St, Ottawa, ON K1N 5G4, Canada",2019-11-10T05:54:14.000Z,45.4326343,-75.6927764,"165 St Andrew St, Ottawa, ON K1N 5G3, Canada",2.35,Canadian Dollar,9.65
Ottawa,uberX,completed,2019-10-26T00:35:42.000Z,2019-10-26T00:42:08.000Z,45.35283,-75.65363,"2214 Bank St, Ottawa, ON K1V 1J6, Canada",2019-10-26T00:57:06.000Z,45.42875,-75.68566,"305 Rideau St, Ottawa, ON K1N 9E5, Canada",7.85,Canadian Dollar,19.97
Ottawa,uberX,completed,2019-10-25T22:47:48.000Z,2019-10-25T22:55:25.000Z,45.42864,-75.68603,"290 King Edward Ave, Ottawa, ON K1N 5Y3, Canada",2019-10-25T23:13:29.000Z,45.35278,-75.65366,"2214 Bank St, Ottawa, ON K1V 1J6, Canada",7.71,Canadian Dollar,27.04
Ottawa,uberX,completed,2019-10-23T00:08:50.000Z,2019-10-23T00:12:03.000Z,45.35032,-75.77234,"1311 Bloomsbury Crescent, Ottawa, ON K2C 2Y8, Canada",2019-10-23T00:31:14.000Z,45.42926,-75.68605,"305 Rideau St, Ottawa, ON K1N 9E5, Canada",8.68,Canadian Dollar,19.52
Ottawa,uberX,completed,2019-10-22T15:42:32.000Z,2019-10-22T15:49:04.000Z,45.41683,-75.65194,"200 Tremblay Rd, Ottawa, ON K1G 3H5, Canada",2019-10-22T15:59:16.000Z,45.42896,-75.68528,"305 Rideau St, Ottawa, ON K1N 9E5, Canada",2.79,Canadian Dollar,11.72
Ottawa,uberX,completed,2019-10-17T19:07:02.000Z,2019-10-17T19:11:32.000Z,45.42919,-75.68599,"305 Rideau St, Ottawa, ON K1N 9E5, Canada",2019-10-17T19:25:26.000Z,45.41683,-75.65193,"200 Tremblay Rd, Ottawa, ON K1G 3H5, Canada",3.49,Canadian Dollar,13.31
Ottawa,uberX,completed,2019-10-06T04:40:33.000Z,2019-10-06T04:48:09.000Z,45.3794746,-75.666638,"2378 Evans Pl, Ottawa, ON K1H 7V3, Canada",2019-10-06T05:00:19.000Z,45.4294887,-75.6861323,"305 Rideau St, Ottawa, ON K1N 5Y6, Canada",4.4,Canadian Dollar,21.53
Ottawa,uberX,completed,2019-10-05T14:51:12.000Z,2019-10-05T14:56:08.000Z,45.42906,-75.68534,"305 Rideau St, Ottawa, ON K1N 9E5, Canada",2019-10-05T15:05:20.000Z,45.39325,-75.6952,"1105 Canal Woods Terrace, Ottawa, ON K1S 4H2, Canada",3.72,Canadian Dollar,13.05
Ottawa,uberX,completed,2019-09-21T06:57:08.000Z,2019-09-21T06:59:28.000Z,45.3971,-75.69625,"51 Muriel St, Ottawa, ON K1S 4C9, Canada",2019-09-21T07:10:34.000Z,45.42906,-75.68527,"305 Rideau St, Ottawa, ON K1N 9E5, Canada",3.64,Canadian Dollar,11.89
Ottawa,uberX,completed,2019-07-22T22:01:49.000Z,2019-07-22T22:02:27.000Z,45.41686,-75.65148,"200 Tremblay Rd, Ottawa, ON K1G 3H5, Canada",2019-07-22T22:17:38.000Z,45.36336,-75.73806,"1375 Baseline Rd, Ottawa, ON K2C 3G1, Canada",8.43,Canadian Dollar,19.55
Ottawa,uberX,completed,2019-07-19T15:40:45.000Z,2019-07-19T15:44:41.000Z,45.3656919,-75.7243636,"13 Lyall St, Nepean, ON K2E 5G5, Canada",2019-07-19T16:00:35.000Z,45.416754,-75.6517472,"200 Tremblay Rd, Ottawa, ON K1G 3H5, Canada",7.02,Canadian Dollar,17.55
Ottawa,uberX,completed,2019-07-03T21:06:40.000Z,2019-07-03T21:09:57.000Z,45.3656964,-75.7243484,"13 Lyall St, Nepean, ON K2E 5G5, Canada",2019-07-03T21:32:19.000Z,45.4212973,-75.6806087,"6N5, 140 Louis-Pasteur Private, Ottawa, ON K1N 9B4, Canada",7.67,Canadian Dollar,18.86
Ottawa,uberX,completed,2019-07-02T15:37:15.000Z,2019-07-02T15:39:12.000Z,45.416766,-75.6514705,"200 Tremblay Rd, Ottawa, ON K1G 3H5, Canada",2019-07-02T15:55:45.000Z,45.365676,-75.724339,"13 Lyall St, Nepean, ON K2E 5G5, Canada",5.96,Canadian Dollar,15.32
Ottawa,uberX,completed,2019-06-28T14:54:28.000Z,2019-06-28T14:59:28.000Z,45.365746,-75.7244886,"13 Lyall St, Nepean, ON K2E 5G5, Canada",2019-06-28T15:16:28.000Z,45.4168097,-75.6509838,"200 Tremblay Rd, Ottawa, ON K1G 3H5, Canada",7.25,Canadian Dollar,17.01
Ottawa,uberX,completed,2019-05-06T16:34:17.000Z,2019-05-06T16:39:58.000Z,45.36569,-75.72408,"13 Lyall St, Nepean, ON K2E 5G5, Canada",2019-05-06T16:54:30.000Z,45.42536,-75.6854,"550 Cumberland St, Ottawa, ON K1N 6N8, Canada",7.14,Canadian Dollar,17.53
Ottawa,uberX,completed,2019-04-24T22:51:20.000Z,2019-04-24T22:54:08.000Z,45.41685,-75.6516,"200 Tremblay Rd, Ottawa, ON K1G 3H5, Canada",2019-04-24T23:01:05.000Z,45.42402,-75.68308,"45 Copernicus St, Ottawa, ON K1N 9B2, Canada",2.46,Canadian Dollar,9.94
Ottawa,uberX,completed,2019-04-12T15:10:28.000Z,2019-04-12T15:13:12.000Z,45.4241362,-75.683079,"45 Copernicus St, Ottawa, ON K1N 9B2, Canada",2019-04-12T15:22:46.000Z,45.4167407,-75.6523677,"200 Tremblay Rd, Ottawa, ON K1G 3H5, Canada",3.98,Canadian Dollar,12.07
Ottawa,uberX,completed,2019-03-11T21:31:04.000Z,2019-03-11T21:35:47.000Z,45.3656774,-75.724379,"13 Lyall St, Nepean, ON K2E 5G5, Canada",2019-03-11T21:52:51.000Z,45.4240249,-75.6834629,"45 Copernicus St, Ottawa, ON K1N 9B2, Canada",7.12,Canadian Dollar,19.44
Ottawa,uberX,completed,2019-02-21T23:01:42.000Z,2019-02-21T23:06:41.000Z,45.4167955,-75.6511691,"200 Tremblay Rd, Ottawa, ON K1G 3H5, Canada",2019-02-21T23:14:24.000Z,45.4239838,-75.6830189,"45 Copernicus St, Ottawa, ON K1N 9B2, Canada",2.4,Canadian Dollar,9.68
Ottawa,uberX,completed,2019-02-16T23:00:57.000Z,2019-02-16T23:08:20.000Z,45.4241519,-75.6831586,"45 Copernicus St, Ottawa, ON K1N 9B2, Canada",2019-02-16T23:17:04.000Z,45.4167704,-75.6517846,"200 Tremblay Rd, Ottawa, ON K1G 3H5, Canada",2.89,Canadian Dollar,16.7
Ottawa,uberX,rider_canceled,2019-02-16T23:00:27.000Z,,,,,,,,"200 Tremblay Rd, Ottawa, ON K1G 3H5, Canada",0.0,Canadian Dollar,0.0
Ottawa,uberX,completed,2019-02-16T21:18:37.000Z,2019-02-16T21:45:02.000Z,45.3654702,-75.7242281,"13 Lyall St, Nepean, ON K2E 5G5, Canada",2019-02-16T22:06:54.000Z,45.424038,-75.6830985,"45 Copernicus St, Ottawa, ON K1N 9B2, Canada",7.74,Canadian Dollar,17.66
Ottawa,uberX,completed,2019-02-16T01:57:07.000Z,2019-02-16T02:01:49.000Z,45.424143,-75.6831648,"45 Copernicus St, Ottawa, ON K1N 9B2, Canada",2019-02-16T02:18:03.000Z,45.3657643,-75.7244897,"13 Lyall St, Nepean, ON K2E 5G5, Canada",6.81,Canadian Dollar,16.59
Ottawa,uberX,completed,2019-02-10T18:16:36.000Z,2019-02-10T18:21:21.000Z,45.3657,-75.72434,"13 Lyall St, Nepean, ON K2E 5G5, Canada",2019-02-10T18:39:35.000Z,45.42405,-75.6831,"45 Copernicus St, Ottawa, ON K1N 9B2, Canada",7.0,Canadian Dollar,17.44
Ottawa,uberX,completed,2019-02-10T00:59:16.000Z,2019-02-10T01:04:01.000Z,45.4238564,-75.6838939,"45 Copernicus St, Ottawa, ON K1N 9B2, Canada",2019-02-10T01:18:21.000Z,45.3656705,-75.7243899,"13 Lyall St, Nepean, ON K2E 5G5, Canada",7.06,Canadian Dollar,16.98
Gatineau,uberX,driver_canceled,2019-01-27T06:22:13.000Z,,45.43826,-75.70735,,,45.42304,-75.71946,"45 Copernicus St, Ottawa, ON K1N 9B2, Canada",0.0,Canadian Dollar,5.75
Ottawa,uberX,completed,2019-01-20T00:44:34.000Z,2019-01-20T00:48:29.000Z,45.42466,-75.6836,"45 Copernicus St, Ottawa, ON K1N 9B2, Canada",2019-01-20T01:03:26.000Z,45.36568,-75.72439,"13 Lyall St, Nepean, ON K2E 5G5, Canada",6.84,Canadian Dollar,16.49
Ottawa,uberX,completed,2019-01-17T21:12:39.000Z,2019-01-17T21:25:12.000Z,45.4241646,-75.6831389,"45 Copernicus St, Ottawa, ON K1N 9B2, Canada",2019-01-17T21:56:28.000Z,45.3527887,-75.653653,"South Keys, Ottawa, ON K1V 7K1, Canada",6.81,Canadian Dollar,16.59
Ottawa,uberX,completed,2019-01-12T00:17:09.000Z,2019-01-12T00:21:56.000Z,45.42439,-75.68338,"45 Copernicus St, Ottawa, ON K1N 9B2, Canada",2019-01-12T00:37:48.000Z,45.36546,-75.72403,"13 Lyall St, Nepean, ON K2E 5G5, Canada",6.85,Canadian Dollar,16.67
Ottawa,uberX,completed,2019-01-06T23:11:27.000Z,2019-01-06T23:20:27.000Z,45.4167884,-75.6513032,"200 Tremblay Rd, Ottawa, ON K1G 3H5, Canada",2019-01-06T23:27:40.000Z,45.4241523,-75.6831708,"45 Copernicus St, Ottawa, ON K1N 9B2, Canada",2.41,Canadian Dollar,9.73
Ottawa,uberX,completed,2018-12-19T16:59:55.000Z,2018-12-19T17:06:02.000Z,45.4240286,-75.6830706,"45 Copernicus St, Ottawa, ON K1N 9B2, Canada",2018-12-19T17:19:34.000Z,45.4167359,-75.6517982,"200 Tremblay Rd, Ottawa, ON K1G 3H5, Canada",3.28,Canadian Dollar,12.67
Ottawa,uberX,completed,2018-12-02T23:07:32.000Z,2018-12-02T23:09:48.000Z,45.36568,-75.72439,"13 Lyall St, Nepean, ON K2E 5G5, Canada",2018-12-02T23:26:38.000Z,45.42413,-75.68317,"45 Copernicus St, Ottawa, ON K1N 9B2, Canada",6.64,Canadian Dollar,17.75
Ottawa,uberX,completed,2018-12-02T04:26:17.000Z,2018-12-02T04:28:16.000Z,45.42413,-75.68317,"45 Copernicus St, Ottawa, ON K1N 9B2, Canada",2018-12-02T04:42:21.000Z,45.36567,-75.72437,"13 Lyall St, Nepean, ON K2E 5G5, Canada",6.71,Canadian Dollar,18.63
Ottawa,uberX,completed,2018-11-11T23:29:09.000Z,2018-11-11T23:31:48.000Z,45.38823,-75.6977,"Dundas House, Ottawa, ON K1S 5B6, Canada",2018-11-11T23:41:05.000Z,45.42399,-75.68305,"45 Copernicus St, Ottawa, ON K1N 9B2, Canada",3.72,Canadian Dollar,13.85
Ottawa,uberX,completed,2018-11-11T08:45:59.000Z,2018-11-11T08:47:30.000Z,45.3754537,-75.6741987,"2473 Huntley Ave, Ottawa, ON K1V 8E7, Canada",2018-11-11T08:53:54.000Z,45.3881436,-75.6974085,"Carleton University, Ottawa, ON, Canada",2.04,Canadian Dollar,9.7
Ottawa,uberX,completed,2018-11-11T07:27:22.000Z,2018-11-11T07:39:32.000Z,45.38816,-75.69746,"Dundas House, Ottawa, ON K1S 5B6, Canada",2018-11-11T07:44:21.000Z,45.37534,-75.67418,"2473 Huntley Ave, Ottawa, ON K1V 8E7, Canada",1.96,Canadian Dollar,14.41
Ottawa,uberX,completed,2018-10-28T18:18:54.000Z,2018-10-28T18:31:26.000Z,45.41687,-75.65145,"25 Pickering Pl, Ottawa, ON K1G 5P4, Canada",2018-10-28T18:41:03.000Z,45.42407,-75.68312,"45 Copernicus St, Ottawa, ON K1N 9B2, Canada",2.47,Canadian Dollar,14.9
Ottawa,uberX,completed,2018-10-12T19:22:10.000Z,2018-10-12T19:47:46.000Z,45.4235967,-75.6878685,"Desmarais Building, 55 Laurier Ave E, Ottawa, ON K1N 6N5, Canada",2018-10-12T20:06:15.000Z,45.3881403,-75.6977253,"Carleton University, Ottawa, ON, Canada",3.99,Canadian Dollar,19.63
